{
    "8": {
        "num_of_molecules": 2,
        "energy": 0,
        "molecules": [
            {
                "RMSD": 1.2637183481159875,
                "molecule": "C 0.498761 -0.76629 -3.220994\nH 0.934017 -1.599772 -2.678668\nH 0.872535 0.151468 -2.793838\nH -0.579163 -0.794367 -3.102109\nO 0.902343 -0.754867 -4.606747\nH 0.59722 -1.556989 -5.049692"
            },
            {
                "RMSD": 0.6975342610818479,
                "molecule": "O -3.378604 -0.985529 -2.178108\nH -4.174522 -0.46113 -1.923887"
            }
        ]
    },
    "13": {
        "num_of_molecules": 2,
        "energy": 0,
        "molecules": [
            {
                "RMSD": 1.2629837413729839,
                "molecule": "C 1.821156 3.734023 1.35972\nH 2.280598 2.75479 1.446433\nH 2.598941 4.467042 1.212773\nH 1.304065 3.959346 2.286714\nO 0.953445 3.829977 0.213753\nH 0.230163 3.193744 0.285754"
            },
            {
                "RMSD": 0.6970138067473985,
                "molecule": "O -3.841517 0.044766 0.593928\nH -4.681145 -0.315309 0.223756"
            }
        ]
    }
}