{
    "1": {
        "num_of_molecules": 1,
        "energy": 0,
        "molecules": [
            {
                "RMSD": 1.5758484879735424,
                "molecule": "C 0.718963 -0.870683 0.166656\nH 0.574104 -1.45697 1.063094\nH 0.201598 -1.372052 -0.63751\nH 1.755922 -0.737874 -0.063839\nO 0.045334 0.427474 0.29655\nH 0.150018 0.798663 1.183556\nH -1.214103 -0.492995 0.511384\nO -1.60697 -1.35084 0.835382"
            }
        ]
    }
}